"company","count"
"Convergent Resources, Inc.",227
"Frontline Asset Strategies, LLC",7
"Berman & Rabin, P.A.",2
"State Farm Bank",26
"Cypress Collections",1
"Recovery Partners, LLC",2
"Aqua Finance Inc",1
"Universal Technical Institute, Inc.",1
"Freedom Mortgage",45
"United Security Financial Corp",1
"Uptain Group, Inc.",2
"Shechtman Halperin Savage, LLP",1
"FAIR COLLECTIONS & OUTSOURCING, INC.",54
"CBV Collection Services Ltd.",2
"MedShield, Inc.",3
"Mnet Financial Inc",5
"Royal United Mortgage LLC",2
"MAS Financial Services, Inc.",1
"RMS-Recovery Management Services, Inc.",1
"Integral Recoveries, Inc.",1
"Asset Maximization Group, Inc.",1
"Finance Store Inc.",1
"Texas Higher Education Coordinating Board",1
"Cawley & Bergmann, LLP",2
"Associated Collectors, Inc.",1
"Bankers Auto Acceptance",1
"Pacific Union Financial, LLC",8
"Whitestone Financial Holdings LLC",1
"Presto Auto Loans, Inc.",1
"Farrell Holdings, LLC",1
"Courtney & Camp",1
"NorthStar Technologies",3
"B & B FINANCIAL SERVICES INC",1
"Jacobs, Marsh LLC",1
"Action Collection Service",3
"FCI Lender Services Inc.",10
"Financial Business and Consumer Solutions.",15
"First American Financial Corporation",7
"Deval LLC",1
"Professional Medical Management, Inc.",5
"Monarch Recovery Holdings, Inc.",18
"National Recovery Solutions, LLC",4
"Dovenmuehle Mortgage Inc.",33
"Lynx Asset Services, LLC",2
"PayPal Holdings, Inc.",272
"Liberty Home Equity Solutions, Inc",3
"United Consumers Inc",7
"Western Control Services, Inc.",3
"Account Recovery Service, Inc. (WI)",2
"Fresno Credit Bureau",2
"Credit Bureau Associates-Northeast, Inc.",3
"Healthcare Management, LLC",2
"WAKEFIELD & ASSOCIATES, INC.",26
"Rickart Collection Systems, Inc.",1
"Mountain Land Collections, Inc.",5
"Lakeview Loan Servicing, LLC",3
"DLC, LLC",4
"Hodosh, Lyon & Hammer, PC",1
"Apelles, LLC",5
"Consumer Financial Debt Services, LLC",1
"Contract Resolve Group LLC",3
"GMA Investments, LLC",4
"Paid In Full, Inc.",1
"SKO Brenner American, Inc.",5
"New American Funding",2
"Zwicker & Associates",23
"Mid-Atlantic Finance Co., Inc.",2
"Oportun Financial Corporation",1
"MFP, inc.",4
"Network Services, Inc",1
"Kenneth, Eisen & Associates, Ltd.",2
"Data and Contact Management Solutions, LLC",2
"Collection Bureau Services, Inc.",1
"Streamline Recovery Inc",6
"Nationwide Intermediary Services llc",1
"Castle & Cooke Mortgage",5
"Escallate, LLC",10
"CAC Financial Corp",5
"Niagara Credit Solutions, Inc",1
"NCP Finance Limited Partnership",1
"GFS, Inc.",2
"Douglas, Chancellor, Meyers and Associates, LLC",2
"SW Linear Investment Group, LLC",1
"PrimeLending, A PlainsCapital Company",9
"GreenSky Trade Credit, LLC",6
"Nationwide Credit & Collection, Inc.",3
"CCS Financial Services, Inc.",110
"Flagstar Bank",175
"Bleier & Cox APC",3
"MiraMed Revenue Group LLC",2
"Support Collectors, Inc.",1
"Westlake Services, LLC",41
"Ballybunion Enterprises, Inc",2
"First Heritage Credit, LLC",9
"Vanderbilt Mortgage & Finance",20
"Meade & Associates, Inc.",7
"Credit Bureau Data, Inc.",1
"BOC LLC",5
"United Accounts, Inc.",2
"Seattle Service Bureau, Inc",7
"National Enterprise Systems, Inc.",28
"Early Warning Services, LLC",14
"Applied Resolutions Group",1
"Accelerated Receivables Management, Inc.",5
"Helm Associates",1
"Recheck, Inc",1
"Google Inc.",7
"Delta Outsource Group, Inc.",2
"Armed Forces Loans of Nevada Inc.",1
"Rossman & Co & PCB",4
"National Commercial Services, Inc",3
"Homestead Funding Corporation",1
"Oliver Adjustment Co.",2
"Collection Technology Incorporated",6
"Hunt & Henriques",8
"Signature Bank (NY)",2
"Hyperion Recovery LLC",1
"Mid-Atlantic Consumer Services",1
"National Credit Services, Inc.",2
"Security Credit Services, LLC",6
"MEFA",5
"RJM Acquisitions LLC (Closed)",3
"Turning Point Solutions LLC",24
"Professional Adjustment Bureau of Mid-America, Inc.",1
"Tenet HealthCare Corporation",43
"AmeriCash Holding LLC",3
"AC Autopay, LLC",3
"Estate Information Services, LLC",3
"MRS BPO, L.L.C.",27
"First Republic Bank",3
"USCB Corporation",5
"JP Recovery Services, Inc.",5
"First National Collection Bureau, Inc.",84
"The Law Offices of Kenosian & Miele, LLP",3
"The Law Office of John P. Frye P.C.",2
"Knight & Hooper, PLLC",1
"Russell Collection Agency, Inc",2
"Phillips, Reinhard & Associates",7
"Habitat for Humanity",4
"Voss & Klein, LLC",2
"CLS Mortgage",1
"Ray Klein, Inc.",19
"Advance America, Cash Advance Centers, Inc.",52
"Grimley Financial Corporation",1
"First California Mortgage Company",1
"Banco Santander Puerto Rico",9
"Tidalwave Finance Corporation",1
"Credit Systems of the Fox Valley, Inc.",1
"Mediation Recovery Center",2
"WR Starkey Mortgage, LLP",1
"Financial Credit Service, Inc.",31
"Vargo & Janson PC",1
"Southern Credit Adjusters, Inc.",2
"Profit Services Group",2
"JPMorgan Chase & Co.",3363
"Wheels Financial Group, LLC",8
"U.S. Bancorp",1122
"Systematic National Collection, Inc.",1
"Plaza Home Mortgage",9
"Zenith Financial Network Inc",8
"Credit Bureau of Bessemer, Inc",2
"Account Recovery Specialists, Inc.",1
"Mutual Financial Partners",6
"National Cash Lenders, LLC",1
"Aargon Agency, Inc.",16
"Praxis Financial Solutions, Incorporated",10
"Triple AC Resolutions",1
"DHI Mortgage",1
"Access Receivables Management",2
"North Shore Agency, LLC",32
"Data Mortgage Inc.",1
"Pittenger Law Group, LLC.",1
"Ria Financial",5
"Hanna Holdings Inc.",1
"American Equity Mortgage, Inc.",2
"Equity National Title and Closing Services, Inc.",2
"Alpha Recovery Corp",11
"Navient Solutions, Inc.",1034
"Pingora Holdings, LP",1
"Asset Recovery Group, Inc.",2
"Community Choice Financial, Inc.",90
"Delmarva Collections, Inc.",2
"National Processing Group LLC",2
"MAS Associates, LLC",1
"Global Recovery Group",25
"RGS Financial, Inc.",5
"Source Receivables Management LLC",11
"Astoria Bank",25
"Ally Financial Inc.",258
"Sullivan Asset Management, LLC",1
"Essential Retrieval Group",3
"Resurgence Legal Group, PC",1
"American Capital Enterprises, Inc.",5
"Worldwide Processing Group, LLC",19
"Associated Mortgage Corporation",1
"United Collection Service Inc",1
"Credit Bureau Collection Services, Inc.",19
"The Western Union Company",169
"4M Collections, LLC",2
"Echelon Financial, Inc.",2
"Business & Professional Collection Service Inc",2
"American Adjustment Bureau, Inc",3
"States Recovery Systems, Inc.",5
"Mortgage Investors Corporation",2
"Mid-America Accounts Control Bureau, Inc.",2
"Emory Enterprises, LLC",4
"WLCC",2
"JMD,LLC",2
"Professional Recovery Consultants, Inc.",2
"Michigan Mutual, Inc",1
"Carmen V. Porreca, P.C.",2
"Solomon and Solomon, P.C.",8
"Nationwide Credit Corporation",5
"Cash America International, Inc.",8
"Recovery One, LLC",8
"Nicholas Financial, Inc.",5
"Phoenix Health Care Management Services, Inc.",2
"Audit & Adjustment Co. Inc.",1
"Certified Recovery Inc",4
"Armada Corp.",3
"Sessoms & Rogers, P.A.",6
"Arbor Professional Solutions, Inc.",2
"FASTBUCKS HOLDING CORPORATION",4
"Shermeta Law Group, P.C.",2
"American Credit Bureau, Inc.",3
"CMG Financial",3
"Medical Data Systems, Inc.",27
"Primary Financial Services L.L.C.",10
"Weltman, Weinberg & Reis",36
"Capio Partners, LLC",29
"Metropolitan Home Mortgage, Inc.",2
"Encore Capital Group",1058
"Universal Finance, Inc.",1
"FINEX Group LLC",9
"Zarvad III S.A.",5
"Finance of America Mortgage LLC",8
"CRA Collections, Inc",2
"First Associates Loan Servicing LLC",47
"Sharinn & Lipshie, P.C.",4
"North American Asset Services, LLC",9
"Law Office of Regent and Associates",3
"CCB Credit Serivces, Inc",7
"Experian",4230
"American Profit Recovery, Inc",6
"Old Republic Title Holding Company, Inc",1
"Coastline Financial Resources, LLC",3
"Paramount Residential Mortgage Group, Inc.",2
"The Cooper Health System",1
"24 Asset Management Corp",1
"JNR Adjustment Company, Inc",1
"Gateway Mortgage Group, LLC",2
"Evergreen Professional Recoveries, Inc.",4
"Preferred Finanical Services Corporation",1
"Team Recovery Inc.",1
"Unified Retrieval Solutions llc",1
"Universal Account Servicing, LLC",1
"David A. Bauer, P.C.",1
"Exeter Finance Corp",26
"John C. Heath, Attorney at Law, PLLC",4
"Vision Financial Services, Inc.",2
"Professional Debt Mediation, Inc.",22
"Porsche Financial Services, Inc.",1
"Trans-Fast Remittance LLC",1
"Financial Filing & Reporting, Inc.",7
"Synerprise Consulting Services, Inc.",3
"Pine Court Holdings, LLC",2
"Amscot Corporation",2
"Certified Recovery Systems, Inc.",5
"Retrieval-Masters Creditors Bureau, Inc.",57
"Sun West Mortgage Company, Inc.",9
"Nelson, Cooper & Ortiz, LLC",1
"Midwest Recovery Systems",1
"Diversified Adjustment Service, Inc.",27
"Oxford Law, LLC",28
"Venta Financial Group, Inc",1
"State Street Bank",1
"Bliksum, LLC",6
"Coast Professional, Inc.",13
"Global Trust Management LLC",5
"PinReid, LLC",1
"Diversified Acceptance Corporation",3
"ARC Services",1
"Standard Mortgage Corporation",3
"George Gusses Co., L.P.A.",1
"U.S. Collections West, Inc.",11
"Ford Motor Credit Company",49
"SRA Associates, Inc.",7
"West Bay Acquisitions, LLC",11
"NATIONAL AUTO LENDERS, INC.",1
"Forster & Garbus LLP",12
"Midwestern Health Management INC",2
"First Step Group, LLC",2
"SCA Collections, Inc.",4
"Nelson, Watson & Associates, LLC",2
"M.L. Zager P.C.",1
"Preferred Credit, Inc.",4
"Northstar Location Services, LLC",18
"Alternative Revenue Systems, Inc",1
"Debt Recovery Solutions, LLC",40
"Wellmont Health System",1
"Avant Credit Corporation",10
"Security Finance",53
"American Recovery Service Incorporated",4
"Texas Guaranteed",2
"Arbor Residential Mortgage LLC",37
"Citywide Home Loans, a Utah Corporation",1
"Cavalry Investments, LLC",114
"Consumer Protection Assistance Coalition, Inc",2
"Financial Management Solutions",5
"Smith Debnam Narron Drake Saintsing & Myers LLP",1
"DiRecManagement, Inc.",1
"BancorpSouth Bank",10
"Quantum Accounts Receivable Management Services Inc.",1
"Knight Adjustment Bureau",4
"Select Portfolio Servicing, Inc",592
"Cascade Capital, LLC",8
"Draper and Kramer Mortgage Corp",1
"Consolidated Management Group, LLC",9
"Aspire Financial, Inc.",2
"Receivables Management Partners, LLC",46
"South West Recovery Inc (CA)",1
"Delbert Services",233
"Dobberstein Law Firm, LLC",1
"Morgan Stanley",28
"Synergetic Communication Inc",6
"Williams, Rush & Associates, LLC",5
"Finance System of Richmond, Inc.",2
"TMX Finance LLC",32
"Summit Financial Corp",1
"AmerAssist A/R Solutions, Inc.",4
"Terrill Outsourcing Group",5
"Network Capital Funding Corporation",3
"R & B Corporation of Virginia",15
"National Arbitration Forum",4
"Professional Receivables Network",2
"Glass Mountain Capital, LLC",6
"CountryPlace Acceptance Corporation",3
"American Credit Adjusters",1
"NIC, Inc.",2
"Armor Systems Corporation",1
"Carter-Young, Inc.",7
"COOLEY ENTERPRISES INC",1
"Mortgage Corporation of the South",1
"Law Office of Harris & Zide",1
"Bonneville Billing and Collections",14
"Cobalt Mortgage",3
"NCC Business Services, Inc.",40
"Municipal Collections of America, Inc.",5
"Michael Harrison, Attorney at Law",3
"Western Portfolio Assets",2
"United Collection Bureau, Inc.",38
"Absolute Collections Corp.",4
"Fulton Friedman & Gullace LLP",7
"Allgate Financial, LLC",9
"Concentric Receivables Management, Ltd.",3
"All American Check Cashing, Inc.",4
"RAB PERFORMANCE RECOVERIES, LLC",1
"Main Street Personal Finance",2
"Unlimited Progress Corp",5
"FirstBank of Puerto Rico",15
"Caine & Weiner Co. Inc.",16
"K & B Capital Corp",1
"Third Financial Services Corp",1
"Rubin & Debski, P.A.",2
"Kohn Law Firm S.C.",7
"Frost-Arnett Company",9
"Thunderbird Collection Specialists, Inc.",6
"Global Credit & Collection Corporation",28
"Accounts Management, Inc",3
"CL Holdings, LLC",54
"Jacob Law Group, PLLC",3
"People's United Bank",21
"Automotive Management Services, Inc.",1
"Genesis Lending",69
"Michael & Associates, PC",1
"Clark County Collection Service",9
"Credit Solutions LLC",1
"Eastern Account Systems of Connecticut, Inc.",12
"Mirand Response Systems, Inc.",2
"Enhanced Acquisitions, LLC",47
"First Tennessee Bank",26
"TaxServ, LLC",3
"Miller Davis & Peoples",5
"Adler Wallach & Associates, Inc.",20
"Peer Advisors, LLC",1
"Liberty Holdings, LLC",9
"SERVICELINK LOSS MITIGATION SERVICES",1
"Centron Services",5
"Coastal Financial Solutions, LLC",3
"Renton Collections Inc.",7
"Nevada Credico, Inc.",5
"VW Credit, Inc",17
"First Citizens",8
"Fay Servicing, LLC",50
"Michigan Legal Specialists, P.C.",1
"Wholesale Capital Corporation",1
"Auto Trakk, LLC",3
"Alabama Housing Finance Authority",2
"Becker and Klein, LLC",2
"Kramer & Frank, P.C.",2
"CFG Financial Solutions Inc.",2
"Atlas Collections Inc. (of New Castle)",1
"LJ Ross Associates",4
"DTA GROUP LLC",5
"Speedee Cash Management",1
"The Moore Law Group",4
"Aurora Financial Group Inc.",2
"Banco Popular North America",40
"Smith Law Firm, P.C.",1
"National Collection Systems, Inc.",4
"Solidus Group LLC.",30
"Prudent Law Group",6
"Wolfe Financial, Inc.",1
"Rent Recovery Solutions",14
"Investors Bank",7
"Neighborhood Assistance Corporation of America (""NACA"")",3
"Provident Funding",20
"LHR Inc.",14
"Physicians & Dentists Credit Bureau",2
"Genpact Limited",1
"Phillips & Cohen Associates, Ltd.",12
"Sa-Vit Enterprises, Inc.",5
"General Service Bureau, Inc.",5
"Adsen & Associates, LLC",1
"Finance of America Reverse LLC",5
"Santander Consumer USA Holdings Inc",236
"Niagara Portfolio Solutions LLC",10
"Lazarus Financial Group, Inc.",6
"Metro Collection Service, Inc.",1
"Medical-Dental-Hospital Bureau of San Antonio",3
"U.S. Auto Credit Corporation",1
"First Reliance Holdings LLC",1
"Credit Collections U.S.A., L.L.C.",3
"Summit AmeriFirst Holdings, Inc.",1
"Enova International, Inc.",227
"Financial Asset Resolution, LLC",5
"National Payment Solutions of New York LLC",3
"National Education Servicing, LLC",1
"Falls Collection Service Inc.",1
"Advantage Collection Professionals, Inc.",2
"Midwestern Audit Services, Inc",2
"North Capital Recovery Services",1
"Agency of Credit Control",2
"Phelan Hallinan & Diamond, PC",2
"Regional Trustee Services Corporation",3
"Rabobank",3
"CIG FINANCIAL, LLC",1
"Forster, Garbus and Garbus",5
"Success Mortgage, LLC",1
"Account Control Systems, Inc",1
"CIT Bank National Association",142
"LTD Financial Services, L.P.",19
"Overton, Russell, Doerr and Donovan, LLP",5
"Critical Resolution Mediation LLC",5
"M&S Recovery Solutions",1
"Webster Account Solutions LLC",4
"NOVA Financial & Investment Corporation",1
"Fein, Such, Kahn & Shepard, P.C.",4
"Meridian Financial Services, Inc.",7
"Bonded Collections of Rice Lake Inc",1
"Ocwen",2539
"Rash Curtis and Associates",18
"Selip & Stylianou, LLP",11
"Niagara Capital Associates, Inc.",2
"FC HoldCo LLC",8
"Louisiana Bureau of Credit Control Inc.",1
"Lendmark Financial Services, LLC",10
"DCN Holdings Inc.",1
"General Information Services, Inc",1
"Tiburon Financial, LLC",2
"Receivable Asset Management",4
"Integrity Solution Services, Inc.",23
"Revenue Recovery Corporation",20
"Van Ru Credit Corporation",30
"Credit Services of Oregon, Inc.",2
"Collection Service of Nevada",1
"Federated Capital Corporation",5
"Commercial Acceptance Company",2
"Americas Mortgage Professionals, LLC",1
"Aldous & Associates, PLLC",9
"MarkOne Holdings, LLC",1
"Jon Barry and Associates, Inc.",15
"Collections Acquisition Company, Inc.",3
"Convergys",3
"AES/PHEAA",195
"Harmon Law Offices, P.C.",1
"Allied Collection Services, Inc. (Nevada)",20
"National Principal Group, LLC",11
"Gold Key Credit, Inc.",12
"Statebridge Company",21
"ACS Education Services",35
"Bluestein Hirsch and Associates",3
"ResMac Inc.",1
"Apple Financial Holdings, Inc",4
"CHS, Inc.",4
"Franklin American Mortgage Company",10
"Hallmark Home Mortgage, LLC",2
"MacDowell & Associates, Ltd.",2
"Gatestone & Co. International Inc.",16
"Trident Asset Management, L.L.C.",43
"ACG Funding, Inc.",1
"RCO Hawaii, LLLC",1
"Amsher Collection Services, Inc.",22
"College Loan Corporation",2
"Brumbaugh & Quandahl",1
"Dominion Law Associates, P.L.L.C.",16
"Skyline Financial Corp",1
"Portfolio Recovery Associates, Inc.",513
"MID-ISLAND MORTGAGE CORP",1
"Reliant Financial Corporation",1
"Lamont, Hanley & Associates, Inc.",4
"National Loan Investors, LP",1
"Speedy Cash Holdings",59
"Greene & Cooper Collections LLC",4
"Universal Acceptance Corporation",2
"Credit Corp Solutions Inc.",11
"Mark A. Kirkorsky, PC",1
"Credit Service Company, INC",6
"Optima Recovery Services LLC.",1
"Sunrise Credit Services Inc.",27
"Platinum Home Mortgage Corporation",1
"Gryphon Corp",11
"Money Management International, Inc.",1
"Whitehouse Law Firm LPA",1
"Penncro Associates, Inc.",1
"Brown Olcott, PLLC",2
"MST Financial Services, L.L.C.",4
"First Mortgage Company, L.L.C.",1
"The TRAF Group",4
"2233 Paradise Road LLC",1
"Cedars Business Services, LLC",5
"Johnson, Blumberg & Associates, LLC",1
"Law Offices Howard Lee Schiff, P.C.",4
"RFNA, LP",5
"Resource Management Group",2
"Anderson and Associates Credit Services, LLC",1
"National Recoveries, Inc.",7
"Fidelity Properties Inc.",3
"Generation Mortgage",10
"Trustmark Corporation",9
"CORNERSTONE RESOLUTION GROUP, INC.",3
"Colony Brands, Inc.",2
"Wakpamni Lake Community Corporation",2
"Diverse Funding Associates LLC",1
"Stillman Law Office",3
"ONTARIO AUTO LENDING",1
"Caliber Home Loans, Inc",198
"Eaton Group Attorneys LLC",2
"Michael G. Niles",2
"Green Trust Cash, LLC",1
"Credit Protection Association, L.P.",89
"Americash",1
"USCB, INC.",8
"Unifin Inc.",1
"Jonathan Neil & Associates, Inc",3
"GTL Investments, Inc.",2
"ADR ARBITRATION SERVICES (Closed)",3
"NE PROCESSING LLC",2
"First Hawaiian Bank",10
"FirstSource Advantage, LLC",34
"Trinity Financial Services, LLC",3
"Nationwide Financial Group",8
"Healthcare Financial Services, LLC",6
"Credit Service, Inc",2
"AAA Collections",3
"Bennett Law PLLC",1
"Levy and Associates, LLC",2
"Mountain West Legal Solutions, PLLC",1
"MOHELA",12
"Scott Fetzer Financial Group, Inc.",1
"Navy FCU",167
"Modern Adjustment Bureau",4
"Account Discovery Systems, LLC",17
"Pressler & Pressler, LLP",45
"DataMax Corporation",7
"First Priority Financial, Inc.",1
"Darnel Quick Recovery, Inc.",1
"Instant Cash Advance Corp",1
"CENTURION IV LLC",1
"Hameroff Law Group, P.C.",2
"Westgate Arbitration INC (Closed)",1
"Robert W. Warner & Associates, P.C.",2
"Coastal Credit, LLC",2
"Mandarich Law Group, LLP",9
"ECMC Group, Inc.",73
"Polaris Home Funding Corp",1
"Weber & Olcese, PLC",6
"ConServe",40
"Consumer Asset Management (Texas)",2
"Veldos, LLC",8
"Educational Funding Resources, Inc.",1
"Condor Capital Corp.",1
"Iowa Student Loan",6
"ZOA, LLC",1
"Citibank",2646
"ALEXANDER-ROSE ASSOC, INC.",1
"H. Kent Hollins, Attorney at Law, P.A",2
"Tebo Financial Services, Inc.",1
"Taylor Law, PLLC",1
"Guaranteed Rate",9
"World Recovery Service, LLC",12
"Harvard Collections, LLC",21
"Higher Education Student Assistance Authority (HESAA)",14
"Regional Credit Solutions",9
"Swe Homes LP",1
"Bayside Capital Services, LLC",1
"Amcap Mortgage, Ltd.",1
"Constar Financial Services, LLC",4
"Third Federal Savings & Loan",20
"Century Financial Services, Inc.",1
"Retail Merchants Associates",1
"Ridgeway Advisory Group LLC",2
"Schachter Portnoy, L.L.C.",1
"Creditor Advocates Inc",1
"Rent Recover, LLC",10
"Rubin & Yates, LLC",10
"CJA Auto Sales, Inc.",1
"Credit Bureau of the South, Inc.",1
"Absolute Resolutions Corp.",2
"Holloway Credit Solutions",6
"Professional Service Bureau",1
"Crown Asset Management, LLC",5
"Houston Home Loan, Inc.",1
"K. Hovnanian American Mortgage, L.L.C.",3
"D.B.F. COLLECTION CORP.",1
"Blueshore Recovery",2
"Midwest Acceptance Corp.",1
"Union Bank",39
"Patriot Mortgage Corporation",1
"McKellar & Associates Group, Inc.",10
"Atlantic Bay Mortgage Group, LLC",1
"Planet Home Lending, LLC",12
"Kirschenbaum & Phillips P.C",4
"Portage Financial Services Company Inc.",2
"Neuheisel Law Firm, P.C.",2
"Total Customer Service, Inc.",1
"Franklin Collection Service, Inc.",40
"Big Picture Loans, LLC",36
"Headwaters Financial Corp.",1
"Ophrys, L.L.C.",1
"Fenton & McGarvey Law Firm, P.S.C.",2
"RevMD Partners, LLC.",1
"GM Financial",65
"Consolidated Recovery Group, LLC",2
"SIMM Associates, Inc.",30
"Strategic Alliances, Inc.",17
"Resurgent Capital Services L.P.",307
"Cash-Installment LLC",1
"MidCountry Financial Corp.",2
"Law Offices of Goldsmith & Hull A.P.C.",1
"Zeus Mortgage, Ltd.",1
"Brazos Higher Education Servicing",2
"Universal Credit Services, Inc",2
"Matthew Thomas & Associates LLC",1
"Concord Servicing Corporation",8
"M. G. Credit, Inc.",3
"First Continental Mortgage, Ltd",1
"Quick Click Loans, LLC",3
"Bridgelock Capital",1
"Banco Popular de Puerto Rico",43
"1st Fidelity Loan Servicing",2
"Transworld Systems Inc.",143
"CMRE Financial Services, Inc.",31
"Professional Placement Services, LLC",4
"United Acceptance, Inc",2
"Credit Union Mortgage Association",1
"Lippman & Reed, PLLC",2
"TrueAccord Corp.",2
"Stenger & Stenger, P.C",6
"The Huntington National Bank",118
"Receivables Management Corporation",3
"Columbia Recovery Group LLC",5
"Williams -Williams Commercial Collections, Inc",1
"The Phoenix Recovery Group",9
"First National Bank of Pennsylvania",1
"Account Liquidation Services Inc.",1
"National Credit Systems,Inc.",90
"World Omni Financial Corp.",14
"Crosstown Law, LLC",2
"Access Credit Management, Inc.",1
"Consumer Collection Management. Inc",8
"ATG Credit, LLC",19
"Sallie Mae",108
"Suburban Mortgage Company of New Mexico",1
"Hauge Associates, Inc.",4
"Keith D. Weiner & Associates Co., L.P.A.",1
"VeriCore, LLC",1
"Eagle Accounts Group, Inc.",1
"Stoneleigh Recovery Associates, LLC",14
"Asta Funding, Inc",18
"Sterling Infosystems, Inc.",14
"Sentry Recovery and Collections, Inc.",6
"Hunt & Kahn, P.A.",2
"Equinox Financial Management Solutions, Inc.",1
"American Acceptance Co., LLC",1
"Allied Mortgage Group",1
"Credit Plus Inc",2
"Quality Acceptance llc",1
"Icon Equities, LLC",1
"HIGHLAND FINANCIAL SERVICES (Closed)",2
"Merchants Credit Adjusters, Inc.",6
"Collection Professionals, Inc (Wyoming)",1
"MidAmerica Mortgage Inc",3
"Protocol Recovery Service, Inc.",7
"Collectibles Management Resources",2
"APEX Asset Management, LLC",9
"A.R.M. Solutions, Inc.",5
"Mobiloans, LLC",36
"Walter Lee & Associates, LLC",1
"Dyck-O'Neal, Inc.",11
"Morgan & Pottinger, PSC",4
"Glasser and Glasser, PLC",4
"Toyota Motor Credit Corporation",61
"PRICE FINANCIAL SERVICES",1
"SFS, Inc",10
"Pacific Credit Services, Inc.",1
"First Choice Assets LLC.",4
"Merchants' Credit Guide Company",8
"Network Funding, L.P.",1
"CMK Investments Inc",2
"Prosperity Bancshares, Inc",1
"Amerisave",6
"Jenkins, Wagnon & Young, P.C.",1
"PMAB, LLC",7
"First National Bank of Omaha",62
"Toll Brothers Inc.",1
"United Group Inc.",1
"LCJ Consultants, LLC.",1
"Gordon, Aylworth & Tami, P.C.",1
"Merriman Investments, LLC",1
"Merchants Credit Bureau, Inc.",3
"HCFS Health Care Financial Services, Inc.",30
"Baxter Bailey & Associates",1
"Pinnacle Credit Services, LLC",101
"Check Fraud Services",2
"Homebridge Financial Services, Inc.",3
"Action Revenue Recovery, LLC",2
"Southern Credit Recovery, Inc.",2
"Kadent Corporation",1
"Colorado Housing and Finance Authority",3
"Central Kentucky Management Services, Inc",1
"Credit World Services, Inc",3
"RS Clark and Associates, Inc.",11
"First American Mortgage Trust",1
"Esser, James & Associates",3
"First Direct Lending, LLC",1
"Jerold Kaplan Law Office, P.C.",3
"Mullooly Jeffrey Rooney & Flynn",5
"PHH Mortgage",119
"AARON DELGADO AND ASSOCIATES INC",1
"Vion Holdco I LLC",1
"Quality Asset Recovery LLC",3
"Asset Management Professionals, LLC",8
"Fairway Capital Recovery, LLC",4
"McKenzie Paul & Associates",1
"Mercedes-Benz Financial Services",10
"Yale Mortgage Corporation",5
"Cardinal Financial Company, LP",4
"Mann Mortgage, LLC",2
"Frost Bank",4
"Reliance First Capital, LLC",1
"Alliance Collection Service",3
"Vengroff Williams, Inc",9
"Stallings Financial Group, Inc.",9
"Todd, Bremer & Lawson, Inc.",1
"Primary Residential Mortgage",4
"AmeriCollect",17
"Campus Student Funding, LLC",1
"Wilber and Associates, P.C.",1
"Nationwide Acceptance LLC",2
"Lloyd & McDaniel, PLC",2
"Guglielmo and Associates",1
"RR Resource-Recovery",4
"Professional Recovery Management",13
"DEEP SOUTH FINANCIAL SERVICES INC.",1
"American Honda Finance Corporation",58
"Guaranteed Home Mortgage Company, Inc.",1
"KeyBridge Medical Revenue Management",1
"NetSpend Corporation,  a TSYS Company",31
"Revenue Cycle Management",1
"Academy Mortgage",2
"Red Cedar Services, Inc",10
"NCB Management Services, Inc.",18
"EMPIRE FINANCE CO LLC",1
"Collection Information Bureau, Inc.",9
"Collins & Hilton Asset Group, LLC",3
"Olde City Financial Inc.",1
"Sokaogon Finance, Inc.",2
"Meyer & Njus, P.A.",2
"Fidelity Funding Mortgage Corp.",1
"Pro Com Services of Illinois, Inc.",2
"Marauder Corporation",6
"Fairway Collections, LLC",2
"Old National Bank",1
"Account Control Technology, Inc.",19
"Peoples Home Equity, Inc.",2
"Butte County Credit Bureau",1
"Tower Loan",19
"SouthPoint Financial Services",1
"Quality Loan Service Corporation",18
"We Collect Inc",2
"Financial Accounts Service Team Inc.",1
"Financial Asset Management Systems, Inc.",15
"Hampton Roads Bankshares",2
"General Financial, Inc.",1
"United Revenue Corporation",8
"Bonded Adjustment Company",2
"Credit Management Control, Inc.",3
"AllianceOne Recievables Management",57
"Sierra Pacific Mortgage",2
"Cendera Funding",1
"Credit Central Holdings, LLC",14
"CashCall, Inc.",149
"Continental Home Loans Inc.",2
"Collection Service Center, Inc.",1
"AutoMoney, Inc.",1
"Gold Star Mortgage Financial Group",1
"First Advantage LNS Inc.",3
"Law Offices of Palmer, Reifler & Associates, P.A.",3
"Unified Global Group",4
"NCMI Corporation",1
"Finance System of Green Bay, Inc.",2
"Prince Parker & Associates",5
"iFreedom Direct Corporation",1
"TekCollect Inc.",17
"InterFirst Mortgage Company",4
"Amex",635
"Healthcare Collections-I, LLC",3
"Financial Data Systems",2
"Receivables Management Group, Inc. (MN)",3
"J.S Resolution Group, Inc.",11
"RD Fuller Company, LLC",1
"Searay Portfolio Management",5
"MNE Services, Inc",60
"Suttell, Hammer & White, P.S",6
"BHFC Financial Services INC",1
"Security National Mortgage",4
"F.H. Cann & Associates, Inc.",1
"New Hampshire Northeast Credit Services, Inc.",2
"MicroBilt / PRBC (formerly CL Verify)",2
"Remitly, Inc.",1
"The Northern Trust Company",4
"Accord Creditor Services, LLC",1
"Arcadia Holdings, LLC",3
"Shellpoint Partners, LLC",79
"Equidata, Inc.",7
"First Guaranty Mortgage Corporation",4
"International Computer Systems, Inc.",7
"ARC Management Group, LLC",3
"First Advantage Corporation",22
"CAP Management Company",1
"Nations Reliable Lending",1
"Works & Lentz of Tulsa, Inc.",3
"Value Auto Mart Inc.",1
"ARM WNY LLC",35
"Blackhawk Network Holdings Inc.",21
"Trojan Professional Services, Inc.",2
"Acquired Assets, Ltd.",3
"Healthcare Receivables Group, Inc.",3
"Astra Business Services",2
"Credit International Corporation",2
"Movement Mortgage",3
"First Financial Resources, Inc.",1
"The Law Firm of Allan C. Smith",5
"Filings and Claims Inc.",1
"The Best Service Co.,Inc",7
"OHara Holdings, LLP",1
"Preston Clark & Quinn",1
"Allied Collection Service, Inc. (Indiana)",3
"Taylor Arbitration,LLC",1
"UNITED AUTO ACCEPTANCE",2
"Mary Jane M. Elliott, P.C. Attorneys At Law",4
"Toyota Credit de Puerto Rico Corp",1
"The Regional Adjustment Bureau, Incorporated",22
"Worldwide Recovery LLC",1
"Insight Capital LLC (NV)",3
"Brown Law, PLLC",3
"American Advisors Group",14
"Certified Credit Reporting, Inc.",2
"Collection Bureau of the Hudson Valley, Inc.",5
"POM Recoveries, Inc.",1
"Viking Client Services, Inc.",5
"Vision Financial Corp.",14
"Partners for Payment Relief",1
"Service Finance Holdings, LLC",1
"Solutions To Portfolios, LLC",2
"Law Offices of Robert J. Colclough, III",2
"Strauss Factor Laing & Lyons",1
"ALCHRO INC.",5
"Comerica",83
"Illinois Collection Service, Inc.",2
"Check City Partnership, LLC",2
"Forest Recovery Services LLC",1
"Bank of Hawaii",6
"Pacific Credit Exchange Corporation",1
"Medical Business Bureau",16
"Millsap & Singer, LLC",1
"Supreme Lending",4
"Revenue Enterprises, LLC",2
"TLP Mortgage Advisors, LLC",1
"Cornerstone Mortgage, Inc.",1
"Parson Bishop Services, Inc.",1
"American Accounts & Advisers Inc.",2
"Valentine and Kebartas, Inc.",7
"E*Trade Bank",15
"NTFN, Inc",1
"Olympic Collection Inc.",2
"Midwest Loan Services, Inc.",5
"Capital One",1532
"William C. Grossman Law, PLLC.",4
"Fidelity Capital Holdings, Inc.",16
"Blitt and Gaines, P.C.",9
"Torres Credit Services, Inc.",5
"D&A Services, LLC",7
"Bull City Financial Solutions, Inc",9
"McCarthy, Burgess & Wolff, Inc.",14
"Total Mortgage Services LLC",2
"Second Alliance, Inc.",2
"Credit Solutions, LLC (KY)",1
"Ark-La-Tex Financial Services, LLC",1
"Commerce Bank",17
"Brock & Scott, PLLC",8
"Legal Recovery Law Offices, Inc",11
"OCC",1
"Credit Bureau of Lancaster County, Inc.",4
"Cashco Financial Services, Inc",1
"Blakely-Witt and Associates, Inc.",5
"Coast to Coast Financial Solutions, Inc.",4
"Universal American Mortgage Company, LLC",4
"Ad Astra Recovery Services Inc",28
"All Western Mortgage, Inc.",1
"Interstate Recovery Service, Inc.",1
"RSH & Associates, LLC",3
"American Financial Network, Inc.",2
"Bursey & Associates, P.C.",3
"Duvera Billing Services, LLC",9
"Operating Partners Co., LLC",1
"Strategic Information Resources, Inc.",1
"Persolve, LLC - Legal - Series 2",5
"Prime Business Service, LLC",1
"Synovus Bank",37
"Ethos Lending LLC",1
"Total Recovery Solutions",4
"Creditors Collection Service",3
"National Credit Adjusters, LLC",69
"Real Property Business Services, Inc.",1
"Commercial Credit Counseling Services Inc.",1
"Five Lakes Agency",4
"Diversified Consultants, Inc.",178
"Lang, Richert & Patch",2
"Neighborhood Housing Services of Richmond, Inc",1
"Medallion Mortgage Company LLC",1
"Bryant, Hodge & Associates LLC",1
"Cottonwood Financial Ltd.",11
"Rodenburg LLP",1
"Proficio Mortgage Ventures, LLC",5
"Northland Group, Inc.",54
"Collection Associates, Ltd.",1
"Clayton Holdings LLC",1
"Credit Consulting Services, Inc.",3
"Alliant Capital Management LLC",5
"John C. Bonewicz, P.C.",3
"Centralized Business Solutions Company",1
"Loan Care",45
"Professional Credit Management, Inc",7
"Kevin B. Wilson Law Offices",1
"Rausch, Sturm, Israel, Enerson & Hornik, LLC",8
"Security National Automotive Acceptance Company, LLC",1
"Ashwood Financial Inc",1
"Round Two Recovery",3
"Nissan Motor Acceptance Corporation",57
"Access Group",15
"Land/Home Financial Services",4
"Collection Services, Inc.",1
"P&B Capital Group, LLC",15
"Webster Bank",18
"Data-Central, LLC",1
"Transfinancial Companies, Inc",4
"MEDCAH, Inc.",1
"L. Blake Morris",1
"Investment Retrievers, Inc.",4
"Machol & Johannes, LLC",12
"Account Resolution Corporation",3
"Gulf Atlantic Funding Group, Inc.",1
"Northway Broker Ltd.",9
"Radius Global Solutions LLC",22
"DRS Financial LLC",2
"Fidelity National Information Services, Inc. (FNIS)",153
"Western Mercantile Agency, Inc",2
"The Law Offices of Mitchell D. Bluhm & Associates",6
"George Mason Mortgage, LLC",2
"Sierra Holdings LLC",1
"Automobile Acceptance Corporation",1
"F&M Mortgage Group, LLC",1
"Webcollex, LLC",8
"Tormey Bewley Corporation",5
"Rushmore Loan Management Services LLC",54
"Alpine Financial Solutions, Inc.",1
"Business Revenue Systems, Inc.",7
"LCS Financial Corporation",5
"Law Offices of Hayt, Hayt & Landau, LLC",1
"Hunter Warfield, Inc.",89
"BRAUFMANN, LEIGHMANN & ASSOCIATES",1
"Richland Bureau of Credits Medical Service Bureau Inc.",1
"Pinnacle Asset Management, LLC",9
"Scott Lowery Law Office, P.C.",5
"ClearSpring Loan Services, Inc.",20
"Richland Holdings, Inc.",2
"Credico, Inc.",2
"Southwest Business Corporation",2
"Nationwide Recovery Systems, Ltd",1
"TD Bank US Holding Company",538
"Halsted Financial Services, LLC.",24
"Healthcare Receivable Professionals, LLC",1
"Wells Fargo & Company",4069
"Regional Management Corp.",13
"Resurgence Financial, LLC",2
"Platinum Holdings Group, LLC",59
"R.M. Galicia, Inc.",18
"Central States Recovery, Inc.",4
"Johnson Mark LLC",4
"Lustig, Glaser & Wilson, P.C.",5
"Guardian Mortgage Company",1
"Claims Recovery Systems, Inc.",1
"Home Servicing LLC",2
"Credit Clearing House of America, Inc.",3
"Conrad Credit Corporation",3
"Featured Mediation, LLC",2
"Fairway Independent Mortgage Corporation",1
"Gulf Coast Collection Bureau, Inc.",6
"Underwood Law Firm, LLC",2
"Ivy Street Development Corp.",2
"W.J. Bradley Mortgage",4
"ProCollect, Inc",35
"Elite Financial Services, Inc.",1
"Collections Inc",1
"Credit Collection Partners, Inc.",1
"The McHughes Law Firm, LLC",1
"Partners Financial Services Inc",5
"Kondaur Capital Corporation",2
"Harvest Credit Management VII, LLC",1
"Receivable Solutions Specialist, Inc.",1
"Kimball, Tirey & St. John LLP",5
"Credit Bureau Central, Inc (NV)",8
"The CMI Group, Inc.",55
"Stuart-Lippman and Associates, Inc",2
"Vantage Sourcing, LLC",2
"Accelerated Financial Solutions, LLC",17
"Financial Asset Management, Inc.",2
"Independent Recovery Resources, Inc.",4
"Alternative Collections LLC",3
"Avante",4
"BMW Financial Services",20
"United Mortgage Corp.",1
"ARS National Services, Inc.",14
"Global One Arbitration Inc.",2
"Snow and Sauerteig LLP",1
"Stonegate Mortgage Corporation",13
"Optimum Outcomes, Inc.",29
"Honor Finance Holdings, LLC",1
"Tennessee Quick Cash, Inc.",1
"Gordon & Wong Law Group, P.C.",2
"Century Credit & Collections, LLC",1
"WCS LENDING LLC",1
"Law Office of Michael J. Scott, PC",9
"1st Franklin Financial Corporation",7
"Robinson, Reagan and Young PLLC",4
"Progressive Financial Services, Inc.",23
"New Century Financial Services, Inc.",7
"CFM Group LLC",3
"United Recovery Group, LLC (Closed)",3
"Russell W Richardson, Attorney at Law",4
"The Minacs Group (USA) Inc.",4
"Ceannate",18
"Alaska Commission on Post Secondary Education",1
"Southern Financial Systems, Inc.",1
"First Investors Financial Services Group, Inc.",3
"Synchrony Financial",1162
"AR Resources, Inc.",16
"Firsel Law Group, Ltd.",3
"AFS Acceptance, LLC",1
"First Capital Recovery Inc.",3
"Credit Adjustment Services of Harrisburg, Inc",1
"Premier Recovery Group",13
"University Lending Group, LLC",1
"Komyatte & Casbon, P.C.",1
"Prestige Financial Services, Inc.",20
"Revenue Cycle Management Corp",1
"Barclays PLC",281
"Rubin & Rothman, LLC",12
"LendKey Technologies, Inc.",1
"AFM Financial Services, LLC",1
"Residential Home Funding Corp",1
"American Debt Services, LLC",1
"Clarity Services",5
"Reliant Capital Solutions, LLC",8
"Lazega & Johanson LLC",2
"Pulte Mortgage",8
"Alliance Asset Management, Inc (Closed)",2
"American Southwest Mortgage Corporation",2
"Platinum Finance Company, LLC",1
"Intermex Wire Transfer",1
"Collections Unlimited of Texas",3
"Omni Financial Group, Inc",1
"Waterstone Mortgage Corporation",2
"Diversified Recovery Services Inc.",1
"Remex, Inc.",5
"C B Merchant Services",1
"High Performance Capital",1
"I.C. System, Inc.",127
"Prospect Mortgage",8
"American Internet Mortgage, Inc",5
"RevSolve, Inc.",6
"Focus Holding Company",46
"Peroutka, Miller, Klima & Peters, P.A.",4
"Regions Financial Corporation",239
"Universal Recovery Corporation",1
"WESTERN CREDIT & COLLECTION SERVICE, INC.",1
"SVB Financial Group",1
"First American Mitigators, PLLC.",1
"The Stark Collection Agency, Inc.",3
"Columbia Collectors Inc",2
"Midway Resolution Services LLC",4
"Southeastern Mortgage Corporation",1
"Seterus, Inc.",242
"Moss Law Firm, P.C.",1
"Western-Shamrock Corporation",5
"Couch Conville & Blitt LLC",5
"Tuition Options LLC",2
"Residential Credit Solutions",103
"Horizon Financial Management",1
"Designed Receivable Solultions, Inc.",7
"Deutsche Bank",5
"RGL Associates, Inc.",2
"Fifth Third Financial Corporation",293
"Sprechman & Associates, P.A.",1
"Social Finance, Inc.",7
"Allied International Credit Corporation",7
"OneMain Financial Holdings, LLC",97
"B.C. Services, Inc.",10
"Client Financial Services of Michigan LLC",2
"Crescent Mortgage",2
"HOVG, LLC",50
"Woods Oviatt Gilman LLP",1
"Northern Ohio Investment Company",1
"Goldberg & Peretti, LLC",4
"BMO Harris",93
"The Wilber Law Firm, P.C.",1
"CNG Financial Corporation",116
"First Credit Services Inc.",23
"Real Time Resolutions",49
"Action Professionals, Inc.",2
"Action Collectors Inc.",1
"Sacor Financial, Inc",3
"IBERIABANK",8
"Professional Finance Company, Inc.",25
"Helvey & Associates",6
"Medical Society Business Services, Inc.",11
"GLOBAL SOLUTION BIZ LLC.",1
"Brown and Joseph, Ltd",9
"Charlottesville Bureau of Credits, Inc",2
"Asset Management Holdings, LLC",1
"Churchill Debt Settlement",1
"Impac Mortgage Holdings, Inc.",2
"LDF Holdings, LLC",5
"Portland Credit Inc",1
"Patrick Scanlon P.A.",1
"Eisenburg,Whitman and Associates",4
"Cohen McNeile & Pappas, PC",1
"Allied Fidelity Services, LLC",1
"California Accounts Service",3
"GMFS LLC",1
"Xoom",2
"Capital Management Services, LP",24
"Service Bureau, Inc.",5
"Capital Accounts, LLC",17
"United Debt Holdings, LLC",9
"New York Community Bank",40
"Credit Acceptance Corporation",54
"Element Global Services",3
"Northeast Receivables Management, LLC",2
"Assigned Credit Solutions",2
"Go Capital Holdings, LLC",1
"United Recovery Worldwide LLC",3
"Alliance Collection Agencies, Inc.",6
"J. Mark Heldenbrand PC",1
"Pacific Rim Alliance Corporation",1
"Stearns Ventures, LLC",28
"A & S Collection Associates, Inc.",1
"Credit Card Receivables Fund Incorporated",22
"USA CASH SERVICES MANAGEMENT, INC.",1
"Southern Auto Finance Co.",1
"LendingTree, Inc",1
"Results Unlimited, Inc.",2
"Rozlin Financial Group, Inc.",1
"Patient Accounting Service Center",4
"Grant Mercantile Agency",7
"Love, Beal & Nixon, P.C.",7
"State Collection Service, Inc.",18
"Green & Sons Agency, Inc.",3
"Mortgage Research Center, LLC",2
"Financial Recovery Services, Inc.",12
"BOK Financial Corp",27
"Zions Bancorporation",20
"Bison Recovery Group, Inc.",3
"Moneydart Global Services Inc.",1
"Credit Bureau of Napa",24
"Thomas & Williams LLC",3
"California Recovery Bureau, Inc.",4
"BB&T Financial",263
"National Check Bureau, Inc.",2
"Great Lakes",11
"Factual Data",7
"Chrome Capital Group LLC",1
"State Law Group",1
"Opportunity Financial, LLC",1
"Boeing Employees' Credit Union",10
"Friendly Finance Corporation",5
"M&T Bank Corporation",293
"American Student Assistance",8
"R & R Collection Service, Inc.",2
"Advance Bureau of Collections",1
"Law Offices of Goldberg & Oriel",2
"Consumer Financial Services",1
"Charles Schwab Bank",8
"Valarity, LLC",10
"Everest Receivable Services Inc.",7
"RMB, Inc.",2
"The Law Office of Daniel Slane",9
"Valley Credit Service, Inc. (OR)",1
"Hosto & Buchan, PLLC",3
"Pleasant Valley Home Mortgage Corporation",2
"Minnesota Life Insurance Company",2
"Risecredit, LLC",18
"Innovis",18
"Mitchell Rubenstein & Associates, P.C.",1
"Allied Interstate LLC",211
"Atlantic Recovery Solutions LLC",7
"WINN LAW GROUP, APC",1
"United Portfolio Corp.",1
"N.A.R., Inc.",6
"ULRS, Inc.",1
"COASTAL LAW FIRM, APLC",1
"TSC Accounts Receivable Solutions",1
"Credit Bureau of York, Inc.",2
"Multiple Credit Solutions",1
"Global United Arbitration LLC",7
"Sherwin P. Robin & Associates, P.C.",1
"The Thomas Agency, Inc.",7
"Data Line Credit Corp",2
"Churchill Mortgage Corporation",1
"Ridge & Valley Realty, Inc.",3
"Washington Federal",12
"Liberty Capital Services LLC",1
"Clay Chapman Iwamura Pulice & Nervell",5
"United Recovery Solutions",1
"Hewitt-Capital",2
"Flagship Financial Group",2
"Penn Credit Corporation",48
"Genuine Debt Solutions, LLC.",4
"Hollis Cobb Associates",5
"American Financing Corporation",3
"A/R CONCEPTS, INC.",4
"Commonwealth Health Corporation",1
"NCSPLUS INCORPORATED",9
"Southwest Funding, LP",1
"Credit Bureau Systems, Inc.",5
"Cadillac Accounts Receivable Management",1
"Health Services Asset Management, LLC.",1
"Rauch-Milliken International, Inc.",5
"Harris & Harris, Ltd.",18
"EZCORP, Inc.",14
"MoneyGram",119
"Santander Bank US",204
"EMPIRE MEDIATION SERVICES LLC",1
"Zarzaur and Schwartz, PC",1
"Allied Account Services, Inc.",2
"Carrington Mortgage Holdings, LLC.",105
"Direct Lending Group, Inc",1
"RDK Collections Inc.",1
"Whitney Bank",15
"Fidelity National Financial, Inc",10
"Merchants and Professional Bureau, Inc.",8
"International City Mortgage, Inc.",1
"Asset Management Outsourcing, Inc.",7
"One Reverse Mortgage",2
"Account Management Services, Inc.",1
"Global Recovery Solutions",3
"Livingston Financial, LLC",1
"Credit Bureau of Columbia, Inc.",1
"CAB Receivables, Inc.",4
"SCV Inc.",2
"Borenstein & Associates, LLC",5
"Suburban Credit Corporation",5
"Ability Recovery Services, LLC",21
"Credit Financial Services, lnc",2
"EOS Holdings, Inc.",141
"Northwest Collectors Inc.",2
"Bank of America",4719
"Renew Financial, LLC",1
"Nationwide Biweekly Administration, Inc",2
"Lien Enforcement Inc",1
"Army and Air Force Exchange Service",21
"ACH Recovery Solutions",2
"American Financial Resources, Inc.",11
"Leon Financial Services",1
"Cade Investments LLC",4
"Action Collection Agencies, Inc.",1
"Round Point Mortgage",43
"Accelerated Receivables Group, Inc.",2
"Andreu, Palma & Andreu, PL",3
"Keynote Consulting, Inc.",1
"Alorica Inc.",108
"Sentrix Financial Services",1
"Bogman, Inc",5
"Millennium Financial Group, L.L.C.",5
"RentDebt Automated Collections, LLC",14
"Mortgage Clearing Corporation",2
"Law Offices of Robert A. Schuerger Co., LPA",1
"Orions Management Group, LLC",4
"Midwest Fidelity Services, LLC",3
"Automated Accounts Management Services",1
"Advanced Call Center Technologies, LLC",1
"Continental Central Credit, Inc.",6
"Nathan & Nathan, P.C.",3
"Finkelstein, Kern, Steinberg & Cunningham, PC",2
"VHDA",3
"Patenaude & Felix APC",12
"The CBE Group, Inc.",109
"Seidberg Law Offices, P.C.",1
"Discover",500
"Three B Financial, LLC",1
"Whetstone Partners, LLC",3
"Student Loan Finance Corporation",9
"Pan Am Collections, Inc.",1
"McCullough Payne & Haan, LLC",3
"Brennan & Clark, Ltd., LLC",3
"Stephens and Michaels Associates, Inc.",11
"Security Capital Funding Corp.",1
"FEDERAL PACIFIC CREDIT COMPANY, LLC",2
"Hillcrest Davidson & Assoc",12
"Cheek Law Offices, LLC",2
"Maven Asset Management, Inc.",1
"Kirkland Asset Management LLC",8
"Vital Solutions, Inc.",17
"CarMax, Inc.",13
"National Mediation Services",2
"Student Assistance Foundation",3
"The Bureaus, Inc.",10
"Collection Bureau of Walla Walla",1
"Phoenix Financial Services LLC",2
"Carmel Financial Corporation, Inc.",2
"Midstate Collection Solutions, Inc.",1
"Nadler & Associates, P.C.",2
"Worth Finance Corporation",3
"Heartland Payment Systems",12
"General Business Recoveries, Inc.",2
"Mother Lode Holding Company",1
"Lobel Financial Corporation",8
"Oracle Financial Group LLC.",16
"Account Management Resources",1
"Alliance Financial Resources, LLC",1
"Eastpoint Recovery Group, Inc",6
"BBVA Compass",95
"Integrated Recovery Services",7
"Protas, Spivok & Collins, LLC",1
"Duncan Solutions, lnc.",4
"Crossman Portfolio Management",1
"NELSON AND KENNARD",5
"Nationwide Arbitration Services LLC",7
"Law Offices of Ross Gelfand, LLC",1
"Professional Adjustment Corp. of S.W. FL., Inc.",3
"Tate and Kirlin Assoc",10
"Imperial Credit Systems, Inc.",1
"Credit Bureau of New Ulm, Inc.",1
"Afni, Inc.",152
"Balanced Healthcare Receivables LLC",4
"United Recovery Systems, LP",3
"Weichert Financial Services",2
"First Federal Credit Control",14
"Como Law Firm P.A.",4
"MFG FINANCIAL, INC.",1
"Byrider Franchising, LLC",21
"Valley National Bank",17
"America's Car-Mart, Inc.",1
"Mariner Finance, LLC",7
"BYL Collection Services",12
"Preferred Collection and Management, Inc.",2
"Professional Bureau of Collections of Maryland, Inc.",5
"Slovin & Associates Co., LPA",1
"M.A.R.S. Inc.",6
"FMA Alliance, Ltd.",4
"Podium Mortgage Capital LLC",3
"Oliver Adjustment Company of Kenosha & Racine, Inc",1
"SINGLETARY & THRASH-JACKSON, P.A.",1
"Account Brokers Inc.",4
"LexisNexis",34
"Tidewater Finance Company",5
"Mel S. Harris and Associates, LLC",7
"HSBC North America Holdings Inc.",732
"Virtuoso Sourcing Group, LLC.",10
"Total Card, Inc.",7
"American Neighborhood Mortgage Acceptance Company LLC",3
"MLD Mortgage, Inc.",3
"Southern Management Corp",10
"PlusFour, Inc",1
"Servatus Corporation",5
"Express Recovery Services, Inc.",7
"New Day Financial, LLC",3
"Law Office of Joe Pezzuto, LLC",5
"Cochren Bailey & Associates, LLC",1
"Home Point Financial Corporation",1
"BlueChip Financial",14
"DriveTime",33
"CONGRESS COLLECTION CORP",3
"Automotive Credit Corporation",1
"Check into Cash, Inc.",27
"Universal Collection Systems, INC",1
"Columbia Collection Service, Inc.",1
"NRA Group, LLC",62
"Express Aviation",1
"Borns & Steele, P.C.",1
"Asset Recovery Solutions, LLC",31
"PMR Progressive, LLC",2
"The Castle Law Group, LLC",1
"COLLECTIONS USA, INC.",2
"Contemporary Recovery Solutions Inc.",1
"Biehl & Biehl, Inc",1
"TransUnion Intermediate Holdings, Inc.",3227
"Infinity Capital Group",1
"Sterling Jewelers Inc.",43
"Home Financing Center",2
"Creditors Bureau Associates",1
"PLS GROUP, INC",11
"CB1, Inc.",4
"Franklin Credit Management",11
"Med-Health Financial Services, Inc.",3
"William A. Hecht, P.C.",1
"Reverse Mortgage Investment Trust Inc.",1
"Advanced Collection Services, LTD",1
"Cornerstone Home Lending Inc.",2
"AmeriHome Mortgage Company, LLC",2
"Central Portfolio Control Inc.",12
"Peter Roberts & Associates, Inc.",1
"Blue Sky Capital Realty, Inc.",1
"National Debt Group of NY",1
"Nationwide Debt Management Solutions, LLC",4
"Korn Law Firm, P.A.",2
"Morris, Hardwick, Schneider, LLC",1
"Lloyd's Plan, Inc.",1
"Student Zoom, LLC",1
"Louisiana Recovery Services Inc.",2
"Gurstel Chargo PA",7
"Performant Financial Corporation",65
"First Service Residential, Nevada, LLC",1
"Michael Andrews & Associates LLC",2
"Automated Collection Services, Inc.",3
"Account Services Collections, Inc",8
"Complete Credit Solutions, Inc.",1
"Durango Credit and Collection Company, Inc.",1
"Patient Account Services, LLC",2
"Town Square Mortgage & Investments, Inc.",1
"Harley-Davidson Financial Services, Inc.",7
"Oliphant Financial Corporation",10
"Omega RMS, LLC",3
"Central Capital Arbitration Firm, LLC",1
"Quad Corporation, Inc.",1
"State Employee's Credit Union",7
"CU Recovery, Inc.",3
"Professional Solutions Collection Agency, LLC",1
"Nationwide Advantage Mortgage Company",6
"Roquemore Holdings LLC",6
"Wright & Lerch Attorneys At Law",1
"Kross, Lieberman & Stone, Inc.",1
"CIS Direct Lending",1
"ResidentCollect, Inc.",7
"Homestar Financial Corporation",1
"PennyMac Loan Services, LLC",89
"Scottrade Bank",1
"Jana Ferrell & Associates LLC",1
"DFC Global Corp",8
"Receivable Recovery Services, LLC",4
"Poole Mahoney PC",1
"Phelan Hallinan, LLP",1
"Continental Credit Control",3
"Optio Solutions, LLC",5
"Credit Systems International, Inc.",17
"The Nguyen Law Firm, PLC",1
"Select Resource Group",3
"Fredericksburg Credit Bureau, Inc.",2
"LoanDepot",23
"UMB Bank",10
"P.S.C., Inc",4
"Granite State Management & Resources",1
"MS Services LLC",1
"MIB Group, Inc.",8
"Rapid Auto Loans LLC",1
"Aspen National Financial, Inc.",2
"Joseph M. Tobin, PC",1
"Cash Time Title Loans, Inc.",2
"Pentagon FCU",52
"21st Mortgage Corporation",38
"Advanced Collection Bureau, Inc.",5
"Global Financial Services Group",1
"Maury Cobb, Attorney at Law, LLC",4
"Accounts Receivable Consultants Inc.",1
"Associated Credit Services, Inc.",3
"Summit Mortgage Corporation (Minnesota)",1
"Plastyc, Inc.",1
"R.A.Rogers, Inc.",6
"Lending Solutions Mortgage/ LSI Mortgage",3
"Autovest, L.L.C.",4
"Dynamic Recovery Solutions, LLC",204
"Credit One LLC",1
"Dynamic Recovery Services, Inc.",5
"Rose & Associates, LLC.",1
"Bank of the West",65
"Republic Mortgage Home Loans, LLC",1
"Associated Bank",23
"East West Bank",7
"Galaxy Capital Acquisitions, LLC",6
"Westhill Financial",1
"Collectech Diversified, Inc.",3
"Midpoint Law Group, P.C",1
"Global Client Solutions",9
"The Affiliated Group, Inc",10
"APPLE RECOVERY, LLC",2
"Towne Mortgage Company",2
"Capital Alliance Financial, LLC",5
"Federated Law Group",2
"United PanAm Financial Corp.",11
"SUN FINANCE CO., LLC",2
"United Student Aid (USA) Funds",10
"COLLECTION PROFESSIONALS INC (Illinois)",1
"Universal Fidelity LP",9
"Credit Bureau of Carbon County",4
"Southern Management Systems Inc.",10
"World Acceptance Corporation",34
"Mercantile Adjustment Bureau, LLC",29
"United Check Recovery, LLC",2
"Diaz & Associates, Inc.",1
"Loan To Learn",2
"HireRight Solutions, Inc.",7
"GVA Holdings, LLC",17
"Account Managers, Inc.",1
"Receivables Performance Management LLC",122
"Ditech Financial LLC",1083
"Palm Beach Credit Adjustors, Inc",4
"Credit Bureau Services Association",4
"Mayan, LLC",1
"EverBank",97
"Media Collections, Inc",10
"Sun Loan Company",6
"Capital Markets Cooporative, LLC",4
"Commonwealth Financial Systems, Inc.",86
"Financial Assistance Inc",2
"GCFS, Inc.",4
"Check First Inc",1
"Statewide Credit Services Corp.",1
"The Schreiber Law Firm, PLLC",5
"James B. Nutter & Company",6
"American Coradius International LLC",11
"Messerli & Kramer P.A.",9
"Schiller & Adam, P.A.",1
"Merchants Credit Corporation",11
"BCA Financial Services, Inc.",3
"Bayview Loan Servicing, LLC",181
"Mortgage Solutions of Colorado, LLC",1
"Mike Rome Holdings LLC",1
"JOSEPH R. HARRISON CO. LPA",1
"Kentucky Higher Education Assistance Authority",1
"Quicken Loans",113
"Embrace Home Loans Inc",4
"D. SCOTT CARRUTHERS",7
"Certified Services, Inc.",3
"First Financial Services, Inc.",2
"URS Holding, LLC",43
"National Business Factors",8
"Leading Edge Recovery Solutions, LLC",9
"Javitch, Block & Rathbone LLC",4
"Stevens Business Service, Inc.",1
"Professional Accounts Service, Inc. (Indiana)",1
"Castle Credit Co Holdings",1
"Hatfield Portfolio Group LLC.",10
"Innovative Debt Solutions",2
"Senex Services Corp.",12
"Delray Capital, LLC",17
"Guild Mortgage",10
"Van Dyk Mortgage Corporation",2
"Wyndham Capital Mortgage, Inc.",4
"American Collections Enterprise, Inc.",12
"Scherr & McClure",3
"CW Financial",4
"Blatt, Hasenmiller, Leibsker & Moore, LLC",17
"Advanced Recovery Systems, Inc.",3
"Superior Adjustment, Inc.",1
"Capitol Credit Services, Inc",1
"RCO Legal, P.S.",2
"Kentucky Housing Corporation",1
"I.Q. Data International, Inc.",59
"Equifax",4152
"CIR, Law Offices",5
"Credit Resolutions, LLC",1
"AMCOL Systems, Inc.",14
"RMI Services, LLC",1
"GLA Collection Company, Inc.",13
"FirstPoint Collection Resources",10
"Euler Hermes Collections North America Company",1
"Barrons Mortgage Group, Ltd.",2
"Hyundai Capital America",42
"United Guaranty",5
"Allied Data Corporation",1
"Kansas Counselors of Kansas City, Inc.",3
"Life Line Billing Systems, LLC",1
"American Midwest Mortgage Corporation",1
"Key 2 Recovery, Inc.",4
"Clear Debt Solutions, LLC",16
"Federal Adjustment Bureau, Inc.",1
"Georgetown Mortgage",1
"Lockhart Mediation Services",1
"Razor Capital, LLC",5
"Reverse Mortgage Solutions",18
"Focused Recovery Solutions, Inc.",4
"Lyons, Doughty & Veldhuis, P.C.",1
"Nelnet",12
"Triton Management Group, Inc",2
"Municipal Collections Services, Inc.",5
"ROCKY MOUNTAIN MORTGAGE COMPANY",1
"Financial Credit Network Inc",5
"Specialized Loan Servicing LLC",214
"American Credit Resolution, Incorporated",2
"Client Services, Inc.",17
"Henley, Lotterhos & Henley, PLLC",1
"SunTrust Banks, Inc.",468
"Smith, Rouchon & Associates, Inc.",2
"Financial Corporation of America",6
"Brightwater Capital, LLC",2
"Southwest Recovery Services, Inc.",10
"BAM Financial, LLC",10
"Collection Consultants of California",9
"Applied Business Services, Inc.",1
"Homeside Financial Services, LLC",1
"First Data Corporation",69
"C.Tech Collections, Inc.",3
"Northwestern Mediation Services",3
"Receivable Management Group, Inc. (GA)",5
"Southwest Stage Funding LLC",1
"National Recovery Service, Inc.",1
"Commercial Trade, Inc.",6
"Strategic Dealer Services",1
"Citizens Financial Group, Inc.",302
"Town Financial Corporation",1
"Deca Financial Services LLC",5
"Mirabella Investments Group, LLC",1
"Immediate Credit Recovery",7
"Global Asset Management Group, Inc.",2
"Stellar Recovery Inc.",122
"Watertown Credit Bureau Inc",1
"Mid Continent Credit Services, Inc",1
"SPS (Select Portfolio Servicing, LLC)",1
"CoreLogic",19
"Credit Technologies, Inc.",1
"Education Management Corporation",3
"Avadyne Health Holdings, Inc",4
"Choice Recovery, Inc.",15
"TCF National Bank",89
"PNC Bank N.A.",778
"Reliance Exchange Group",6
"Kings Credit Services",3
"Grant & Weber",34
"Burton Neil & Associates, P.C.",1
"Credit Management Services, Inc.",6
"Ascension Point Recovery Services, LLC",7
"Resolve Solution Services Corporation",1
"BWW Law Group, LLC",1
"NAM National Arbitration and Mediation",1
"Credit Adjustments Inc",3
"USAA Savings",218
"Cohen & Associates",2
"Umpqua Holdings Corporation",13
"The Receivable Management Services Corporation",11
"Law Offices of Ed Overcash, LLC",3
"Evans Law Associates, P.C.",3
"Receivables Outsourcing, Inc.",1
"Granite Creditors Service, Inc.",1
"Jim Bottin Enterprises, Inc",12
"Constantino Law Office, P.C.",1
"On Q Financial, Inc",1
"Velocity Portfolio Group",6
"Brookshaw Management, LLC",6
"First Mortgage Corporation",4
"GC Services Limited Partnership",54
"Delta Management Associates, Inc.",17
"KelKris Associates Inc",8
"American Credit Acceptance, LLC",11
"Anselmo Lindberg Oliver LLC",1
"Law Offices of Marvin S. C. Dang, LLC",1
"RP Funding Incorporated",1
"Mortgage Center, L. C.",1
"Credence Resource Management, LLC",7
"Veripro Solutions Inc.",2
"Revenue Assistance Corporation dba Revenue Group",11
"Med-1 Solutions, LLC",4
"QC Holdings, Inc.",8
"Credit Bureau of San Luis Obispo & Santa Barbara Counties",1
"IPAC'S Inc.",1
"National Consumer Telecom & Utilities Exchange, Inc.",1
"Breit Law Office, P.C.",1
"DCQ LLC",1
"Scheer, Green & Burke L.P.A.",1
"Tulsa Adjustment Bureau",2
"Merchants and Medical Credit Corporation, Inc.",3
"Southwest Credit Systems, L.P.",74
"SN SERVICING CORPORATION",7
"ACE Cash Express Inc.",80
"UBS Bank",8
"Alco Collections, Inc.",1
"Rushmore Service Center, LLC",5
"K Rockford LLC",1
"Selene Finance",88
"Jackson Automotive Resources",1
"MSW Capital, LLC",2
"Weststar Mortgage Corporation",2
"ONLINE Information Services, Inc.",26
"Stonebridge Lending Inc.",1
"HomeTown Lenders, LLC",1
"Pathfinder Credit Services",2
"First Commonwealth Mortgage Corp.",1
"Accurate Background",3
"Commercial Recovery Systems",35
"Sarma",3
"BNY Mellon",27
"Wetsch Abbott Osborn Van Vliet PLC.",3
"Williams & Fudge, Inc",41
"Paramount Recovery Systems, L.P.",6
"Aaron Worldwide Collections Inc.",2
"First Marblehead Education Resources",1
"Evergreen Financial Services Inc.",2
"PDQ Services, Inc.",3
"Rhode Island Student Loan Authority",3
"The Collection Connection",1
"Arnold Scott Harris, P.C.",14
"First Peachtree Finance, Inc.",1
"Eltman Law, P.C.",9
"Roosen, Varchetti & Olivier, PLLC",2
"The PrivateBank and Trust Company",2
"Servis One, Inc.",71
"Mar Joe Enterprises",3
"Unique Management Services, Inc",12
"Nationstar Mortgage",1798
"Live Well Financial, Inc.",2
"Sentry Credit, Inc.",9
"Nations Recovery Center",10
"Stanislaus Credit Control Service, Inc.",5
"Malcolm S. Gerald and Associates, Inc.",8
"RSI Enterprises, Inc.",1
"Centennial Lending LLC",1
"Alessi & Koenig, LLC",1
"Atlantic Credit & Finance, Inc.",11
"Kinum, Inc.",1
"Daniels Norelli Scully & Cecere, P.C.",2
"Admin Recovery, LLC",15
"Harpeth Financial Services, LLC",2
"JH Portfolio Debt Equities, LLC",30
"Envoy Mortgage Ltd.",1
"D2 Management LLC",1
"Consumer Adjustment Company Incorporated",10
"Budget Mortgage Corp.",2
"NVR Inc",9
"North American Credit Services",5
"Malen & Associates, p.c.",2
"Saints Recovery Group, Inc.",1
"ID Analytics, Inc.",2
"Denovus Corporation, Ltd.",1
"Oceanside Mortgage Company",1
"Federal Cash Advance, LLC of Oklahoma",1
"FirstBank",4
"Grand American Resources, Inc",1
"BankUnited",19
"South Carolina Student Loan",4
"Sherloq Group, Inc",9
"American Pacific Mortgage Corporation",1
"Emerald Canyon Capital, LLC",8
"E. A. Uffman & Associates, Inc",2
"iServe Trust",1
"TruHome Solutions, LLC",1
"Legal Prevention Services, LLC.",9
"Expert Global Solutions, Inc.",415
"Law Offices of Timothy M. Sullivan",1
"Pioneer Credit Company",3
"Skagit Bonded Collectors, LLC",1
"National Check Resolution Inc.",3
"Collection Bureau of America Ltd.",14
"The Genesis Group, Inc.",1
"Contract Callers, Inc.",11
"Peterson Enterprises Inc.",1
"United Shore Financial Services, LLC",5
"NRG STX Properties, LLC",1
"Linebarger Goggan Blair & Sampson, LLP",22
"Justice Finance Company",4
"Second Round Limited Partnership",17
"Sound Collection Services",1
"Windham Professionals",22
"Io, Inc.",8
"Nudelman, Klemm & Golub, P.C.",4
"Public Auto Sales Inc.",1
"Sawaya, Rose, McClure & Wilhite, P.C.",1
"Select Management Resources, LLC",9
"Hammerman & Hultgren, P.C.",2
"Moneytree Inc",2
"Community Health Investment Company, LLC.",11
"R&R Professional Recovery, Inc.",4
"Absolute Recovery Services, LLC",1
"ALCOVA Mortgage LLC",1
"Montgomery County Credit Bureau",1
"ERC",447
"FirstMerit Bank",25
"Consumer Portfolio Services",27
"Williams, Alexander & Associates, Inc",2
"Greystone Alliance LLC",6
"SquareTwo Financial Corporation",41
"Simpson Law Firm, P.A.",1
"Lender Live",10
"Monterey Financial Services, Inc.",18
"Works & Lentz, Inc",2
"Northeast Collection Bureau",2
"Lansing Professional Business Bureau,Inc",2
"Thomas, King & Associates",4
"T.D. Service Financial Corporation",1
"Continental Finance Company, LLC",24
"Genworth Financial",4
"Brinkman Alliance Group",4
"2288984 Ontario Inc.",1
"The Mortgage Specialists, Inc.",1
"Houstonian Mortgage Group Inc",1
"Weinstock, Friedman, & Friedman, P.A.",1
"Atlanticus Services Corporation",15
"DolEx Dollar Express",2
"FMS Inc.",11
"Accurate Financial Partners",9
"Stephen Einstein & Associates, P.C.",2
"City National Bank",3
"Robert L. Tankel, P.A.",1
"Pinnacle Recovery, Inc.",19
"Troy Capital, LLC",1
"National Bureau of Collections, Inc",2
"Professional Recovery of Longmont, Inc.",1
"Hiday & Ricke, P.A.",1
"Arvest Bank",32
"Encircle Collections, Inc.",1
"Trident Mortgage Company, LP",1
"Executive Financial Consultants, Inc",1
"Global Payments Check Services, Inc.",6
"Computer Credit, Inc.",4
"Rno Partners Limited",1
"California Business Bureau, Inc.",14
"South Exchange Inc",1
"Professional Claims Bureau, Inc.",3
"Richard Sokoloff, Attorney At Law",1
"Express Cash Mart Management",2
"Richard J. Boudreau & Associates, LLC",7
"Collection Bureau Incorporated",2
"Herbert P. Sears Co., Inc.",7
"Cash Express, LLC",4
"Drew Eckl & Farnham, LLP",1
"J.A. Cambece Law Office, P.C.",5
"C&F Mortgage Corporation",1
"Summit Funding, Inc.",2
"Collection Management Company",11
"Niagara Credit Recovery",1
"Morgan & Associates, P.C.",1
"Regional Acquisition Group, Inc.",6
"Southern Fidelity Mortgage, LLC",1
"Mortgage Capital Associates, Inc.",2
"Goldman Sachs Bank USA",5
"SECURITY CREDIT SYSTEMS INC",1
"Cherry Creek Strategic Advisors, LLC",3
"State Home Mortgage",7
